Model,Train Accuracy,Train Precision,Train Recall,Train F1,Test Accuracy,Test Precision,Test Recall,Test F1,Eval Accuracy,Eval Precision,Eval Recall,Eval F1
XGBoost,1.0,1.0,1.0,1.0,0.9177631578947368,0.9399141630901288,0.9521739130434783,0.9460043196544277,0.9081967213114754,0.9173553719008265,0.9652173913043478,0.940677966101695
Random Forest,1.0,1.0,1.0,1.0,0.9144736842105263,0.925,0.9652173913043478,0.9446808510638298,0.8918032786885246,0.8893280632411067,0.9782608695652174,0.9316770186335404
LightGBM,1.0,1.0,1.0,1.0,0.9111842105263158,0.9393939393939394,0.9434782608695652,0.9414316702819957,0.898360655737705,0.9094650205761317,0.9608695652173913,0.9344608879492601
Decision Tree,1.0,1.0,1.0,1.0,0.8651315789473685,0.9090909090909091,0.9130434782608695,0.911062906724512,0.8786885245901639,0.9037656903765691,0.9391304347826087,0.9211087420042644
SVM,0.8956276445698167,0.9160649819494585,0.9485981308411215,0.9320477502295684,0.8618421052631579,0.8884297520661157,0.9347826086956522,0.9110169491525424,0.8688524590163934,0.8861788617886179,0.9478260869565217,0.9159663865546218
Logistic Regression,0.844851904090268,0.8638698630136986,0.9429906542056075,0.9016979445933869,0.8552631578947368,0.875,0.9434782608695652,0.9079497907949791,0.8622950819672132,0.8671875,0.9652173913043478,0.9135802469135802
