Model,Train Accuracy,Train Precision,Train Recall,Train F1,Test Accuracy,Test Precision,Test Recall,Test F1,Eval Accuracy,Eval Precision,Eval Recall,Eval F1
LightGBM,1.0,1.0,1.0,1.0,0.9818731117824774,0.9888059701492538,0.9888059701492538,0.9888059701492538,0.9608433734939759,0.960431654676259,0.9925650557620818,0.9762340036563071
Random Forest,1.0,1.0,1.0,1.0,0.9788519637462235,0.9851301115241635,0.9888059701492538,0.9869646182495344,0.9668674698795181,0.967391304347826,0.9925650557620818,0.9798165137614679
XGBoost,1.0,1.0,1.0,1.0,0.9788519637462235,0.9887640449438202,0.9850746268656716,0.9869158878504672,0.9668674698795181,0.967391304347826,0.9925650557620818,0.9798165137614679
Decision Tree,1.0,1.0,1.0,1.0,0.972809667673716,0.9850187265917603,0.9813432835820896,0.983177570093458,0.9548192771084337,0.9601449275362319,0.9851301115241635,0.9724770642201835
SVM,0.9521654815772462,0.9510703363914373,0.9920255183413078,0.9711163153786104,0.9335347432024169,0.9300699300699301,0.9925373134328358,0.9602888086642599,0.9126506024096386,0.9054054054054054,0.9962825278810409,0.9486725663716814
Logistic Regression,0.9282482223658695,0.9346007604562737,0.9800637958532695,0.9567925262748151,0.9214501510574018,0.9201388888888888,0.9888059701492538,0.9532374100719424,0.9066265060240963,0.9047619047619048,0.9888475836431226,0.9449378330373002
