Model,Best Params,CV_F1,Train Accuracy,Train Precision,Train Recall,Train F1,Test Accuracy,Test Precision,Test Recall,Test F1,Eval Accuracy,Eval Precision,Eval Recall,Eval F1
Decision Tree,"{'max_depth': 6, 'min_samples_split': 9, 'random_state': 41}",0.9447765188571354,0.9521531100478469,0.9206231454005934,0.9896331738437002,0.9538816295157571,0.9758308157099698,0.9814814814814815,0.9888059701492538,0.9851301115241635,0.9849397590361446,0.9925373134328358,0.9888475836431226,0.9906890130353817
Random Forest,"{'n_estimators': 80, 'max_depth': 15, 'random_state': 41}",0.96214834231037,0.9988038277511961,0.9976133651551312,1.0,0.998805256869773,0.9818731117824774,0.9816176470588235,0.996268656716418,0.9888888888888889,0.9849397590361446,0.9925373134328358,0.9888475836431226,0.9906890130353817
XGBoost,"{'n_estimators': 108, 'learning_rate': 0.2794283688706015, 'max_depth': 6, 'random_state': 41}",0.9722890999617038,1.0,1.0,1.0,1.0,0.9818731117824774,0.9816176470588235,0.996268656716418,0.9888888888888889,0.9849397590361446,0.9925373134328358,0.9888475836431226,0.9906890130353817
LightGBM,"{'n_estimators': 169, 'learning_rate': 0.25932394031058176, 'num_leaves': 77, 'random_state': 41}",0.977818129978861,1.0,1.0,1.0,1.0,0.9818731117824774,0.9816176470588235,0.996268656716418,0.9888888888888889,0.9849397590361446,0.9925373134328358,0.9888475836431226,0.9906890130353817
SVM,{'C': 5.798355096396411},0.9395222032949897,0.9708931419457735,0.955984555984556,0.9872408293460925,0.9713613181639859,0.9335347432024169,0.948905109489051,0.9701492537313433,0.959409594095941,0.9457831325301205,0.9630996309963099,0.9702602230483272,0.9666666666666667
Logistic Regression,{'C': 9.518015141248139},0.917683223268398,0.9202551834130781,0.8938714499252616,0.9537480063795853,0.9228395061728395,0.9395770392749244,0.9492753623188406,0.9776119402985075,0.9632352941176471,0.9397590361445783,0.9628252788104089,0.9628252788104089,0.9628252788104089
