Model,Train Accuracy,Train Precision,Train Recall,Train F1,Test Accuracy,Test Precision,Test Recall,Test F1,Eval Accuracy,Eval Precision,Eval Recall,Eval F1
Random Forest,1.0,1.0,1.0,1.0,0.9667673716012085,0.974169741697417,0.9850746268656716,0.9795918367346939,0.9819277108433735,0.985239852398524,0.9925650557620818,0.9888888888888889
LightGBM,1.0,1.0,1.0,1.0,0.9667673716012085,0.974169741697417,0.9850746268656716,0.9795918367346939,0.9759036144578314,0.978021978021978,0.9925650557620818,0.985239852398524
XGBoost,1.0,1.0,1.0,1.0,0.9637462235649547,0.9705882352941176,0.9850746268656716,0.9777777777777777,0.9759036144578314,0.978021978021978,0.9925650557620818,0.985239852398524
Decision Tree,1.0,1.0,1.0,1.0,0.9546827794561934,0.9737827715355806,0.9701492537313433,0.9719626168224299,0.963855421686747,0.9849056603773585,0.9702602230483272,0.9775280898876404
SVM,0.9424692954104719,0.9382994732881866,0.9944178628389154,0.9655439411536972,0.9093655589123867,0.9047619047619048,0.9925373134328358,0.9466192170818505,0.9156626506024096,0.9084745762711864,0.9962825278810409,0.950354609929078
Logistic Regression,0.9256625727213963,0.9317664897649734,0.9800637958532695,0.9553050913330743,0.9033232628398792,0.9125874125874126,0.9738805970149254,0.9422382671480144,0.9246987951807228,0.9178082191780822,0.9962825278810409,0.9554367201426025
